Document ID,Rule 3: Credit check,Rule 3 Proof Phrase,Rule 8: Welcome pack,Rule 8 Proof Phrase,Rule 10: Cooling off period,Rule 10 Proof Phrase,Rule 15: Call is recorded,Rule 15 Proof Phrase,Rule 18: Yes,Rule 18 Proof Phrase,Reviewer Comments
POW.001.000001,Identified, You can opt out online or by call an origin if you'd like to know more about how origin collects and uses your personal and credit related information and what this means for your credit rating.,Identified,Today you're taking up an agreement with origin originally very the terms conditions nature amount and structure of your rate and charges. If they do change origin will let you know origin will send you an agreement pack which explains the terms and conditions your payment options the charges and fees that apply and you would then be in this day cooling off period.,Identified,If they do change origin will let you know origin will send you an agreement pack which explains the terms and conditions your payment options the charges and fees that apply and you would then be in this day cooling off period,Unidentified,,Identified,"Do you agree to these terms.
Yes.",Rule 18 was present but the age was not part of the T&C
POW.001.000002,Identified,Available at power shop dot.com delay you powers of may conduct a credit check on you where a credit check fails to meet power shop's criteria power shop may cancel this contract and not proceed with your switch or connection you'll pay any applicable fees for your connection. ,Identified,If you don't receive the pack within 24 hours contact the power shop on 1 800 462 double hate power shop will collect you and handle all your personal information in accordance with its privacy policy.,Identified,You have a business day cooling off period during which you can cancel your sign up by contacting power shop Australia proprietory Ltd 357 Colin street Melbourne it starts the business day after you receive your Welcome back. ,Not yet reviewed,,Identified,Do you understand your rights and agree to these terms and conditions. The final clear yes or no. Yes sorry yes. ,Rule 18 was mentioned but age was not part of the T&C
POW.001.000003,Identified,Whether a credit check fails to meet power shop's criteria power shop may cancel this contract and not proceed with your switch or connection you'll pay any applicable fees for your connection.,Identified,You have a 10 business day cooling off period during which you can cancel your line up by contacting power shop Australia proprietory Ltd 357 Collin Street Melbourne it starts the business day after you receive your Welcome back. If you don't receive the packet within 24 hours contact a power shop ,Identified,You have a 10 business day cooling off period during which you can cancel your line up by contacting power shop Australia proprietory,Not yet reviewed,,Identified, Do you understand your rights and agree to these terms and conditions. One yes or no. Yes.,
POW.001.000004,Identified, its privacy policy of a little power shop not Condit you power it may conduct a credit check on you where a credit check fails to meet power shop's criteria power shop may cancel this contract and not proceed with your switch or connection you'll pay any applicable fees for your connection. ,Identified,it starts the business day after you receive your Welcome back. If you don't receive the pad within 24 hours contact a power shop ,Identified,You have a 10 business day cooling off period during which you can cancel your sign up by contacting power shop ,Identified,The court record is the training compliance.,Identified,Do you understand your rights and agree to these terms and conditions. I do think you are just a clear yes or no. Yes yes thank you,
POW.001.000005,Identified,in accordance with its privacy policy of a at power shop dot.com power shop may conduct a credit check on you where a credit check fails to meet pawnshops criteria. Power shop may cancel this contract and not proceed with your switch for connection you'll pay any applicable fees for your connection.,Identified,it starts the business day after you receive your welcome back. If you don't receive the pack within 24 hours contact a power shop ,Identified,Your agreement starts at the end of the cooling off period and you may terminate the agreement at any time by contacting power shop.,Identified,Now I'll let you know that the call was recorded for quality and coaching purposes.,Unidentified,,Rule 18 was present but no YES or NO response from customer
POW.001.000006,Identified, Available at power shop condo you powers may conduct a credit check on you where a credit check fails to meet power shop's criteria. Power shop may cancel this contract and not proceed with your switch or connection you'll pay any applicable fees for your connection,Identified,it starts the business day after you receive your welcome back. If you don't receive the pack within 24 hours contact,Identified,You have a 10 business day cooling off period during which you can cancel your sign by contacting power off ,Identified,From the I work on the court record coaching training.,Identified, If you understand your rights and agree to these terms and conditions. Yes or no. Yep,
POW.001.000007,Identified,Available at power shop dot com you power it may conduct a credit check on you where a credit check fails to meet power shop's criteria. Power shop may cancel this contract and not proceed with your switch or connection you'll pay any applicable fees for your connection.,Identified,It starts the business day after you receive your welcome back. If you don't receive the pack within 24 hours contact power shop ,Identified,You have a 10 business day cooling off period during which you can cancel your sign up by contacting power in Australia proprietary,Unidentified,,Identified,Do you confirm that you are over 18 authorized to enter into this agreement and understand and accept the terms we've just read which are also on powershares website. Yes. Great.,
POW.001.000008,Identified,Shop may contact a credit check on your credit check first me pawnshops criteria pal shop cancel this contract and not proceed with this collection. You will pay any political fees for your collection.,Not yet reviewed,,Unidentified,,Not yet reviewed,,Unidentified,,
POW.001.000009,Identified,You and me share it with us pal shop may conduct a credit check on you where credit check fails for me pal shop's criteria. Shop may cancel this contract and not proceed with your switchel connection. ,Identified,it starts the business day after you receive your Welcome back. If we don't receive the package within 24 hours contact power shop on one,Identified,You have a 10 business day cooling off period during which you can cancel your sign up by contacting pal shop Australia ,Identified,So this call is being recorded for training and coaching purposes. OK. ,Unidentified,,
POW.001.000010,Identified,You and me share it with us pal shop may conduct a credit check on you where credit check fails for me pal shop's criteria. Shop may cancel this contract and not proceed with your switchel connection.,Identified,starts the business day after you receive your Welcome back. If we don't receive the package within 24 hours contact power shop,Identified,You have a 10 business day cooling off period during which you can cancel your sign up by contacting pal shop Australia ,Identified, OK. So this call is being recorded for training and coaching purposes. OK.,Unidentified,,
POW.001.000011,Identified,power shop dot com dot you shop may contact the credit check on you where credit check fails. Meet pal shops criteria pet shop make sense of this contract and not proceed with your switch or connection.,Identified,Street malbin it starts the business day after you receive your welcome back. If you don't receive the pack within 24 hours contact power shop ,Identified, They've got a 10 business day cooling off period. You're billed monthly. It's 100 percent online.,Identified,Oh before I keep going I just have to let you know this call is being recorded for sorry training and coaching purposes.,Identified,Now do you confirm you are over 18. Authorize in terms of this agreement. I understand and accept the terms I've just read which are also on pal shops website. Please respond with yes or no. Yes. Awesome. ,
POW.001.000012,Identified,power shop dot com dot you shop may contact the credit check on you where credit check fails. Meet pal shops criteria pet shop make sense of this contract and not proceed with your switch or connection.,Identified,Street malbin it starts the business day after you receive your welcome back. If you don't receive the pack within 24 hours contact power shop,Identified,They've got a 10 business day cooling off period. You're billed monthly.,Identified,Oh before I keep going I just have to let you know this call is being recorded for sorry training and coaching purposes.,Identified,ou will receive a validation e-mail from power shop confirming your concession eligibility. OK. Now do you confirm you are over 18. Authorize in terms of this agreement. I understand and accept the terms I've just read which are also on pal shops website. Please respond with yes or no. Yes. Awesome.,
POW.001.000013,Identified,Available at a power shop you can shop make sure that the credit check on you where credit check fails to meet pal shops close area power shop may cancel this contract and not proceed with your switch connection. ,Identified, It starts the business day after you receive your welcome pack. If you don't receive the pack within 24 hours contact our shop,Identified,"So there's no exit fees no sign up fees no lock on contract. There's a 10 business day cooling off period a 60 day guarantee as well.
OK.",Identified, Palace shop. OK. So before we keep going this call is being recorded for training and coaching purposes.,Identified, Now do you confirm you are over 18 authorized to enter into this agreement and understand and accept the terms we've just read which are also on pal shops website. Please respond with yes or no. Yes.,
POW.001.000014,Unidentified,,Unidentified,,Unidentified,,Not yet reviewed,,Unidentified,,
POW.001.000015,Identified, power shop that you have a shop making back the credit check on you were a credit check to make pallets of criteria power makes sense of disagreement and not say it was your suite or connection and you will pay any applicable fees for your connection.,Identified,it stops the business day after you received the welcome pack. And if you don't receive the post within 24 hours contact power shop ,Identified,The marketing represented by we paid a fee for this sale and you have a 10 business day cooling off period during which you can cancel your sign up. ,Identified,"I ask you if you get a sense radius in terms and conditions as this call is being recorded for the quality and touching purposes.
Yeah.",Identified,Do you confirm you are over 18 authorized to enter into this agreement and understand and accept the terms. Can just read We are also on tell from the site. Yes perfect.,
POW.001.000016,Unidentified,,Unidentified,,Unidentified,,Unidentified,,Unidentified,,
POW.001.000017,Unidentified,,Unidentified,,Unidentified,,Unidentified,,Unidentified,,
POW.001.000018,Unidentified,,Unidentified,,Identified, Now what I have here is a 10 business day cooling off period. Okay. So that's for every provider that you go with they should. So you have got 10 days.,Identified,"One of my colleagues just told me I'm always getting in trouble for this. Sorry. I'm so upset how you this call is being recorded for training and coaching purposes. OK. I'm sorry.
Do very well. I'm always getting into trouble. Look like you're suppose to tell customers.",Unidentified,,
POW.001.000019,Identified,Available our pal shoptalk commentary you penshoppe may conduct a credit check on you where credit check fails to meet Palus shop's criteria.,Identified, Collins Street malbon it starts the business day after you receive your back pack. If you don't receive the pack within 24 hours contact pallet shop on,Identified,You have a 10 hours a day cooling off period during which you can cancel your sign up by contacting power shop Australia propriety,Unidentified,,Unidentified,,
POW.001.000020,Unidentified,,Unidentified,,Unidentified,,Identified,"This call is being recorded for training and coaching purposes. Okay.
Okay.",Unidentified,,
POW.001.000021,Identified,Perisher make an extra credit check on you where a credit check first met perishable criteria which I make into this contract and I proceed with your connection applicable.,Identified, It starts the business say after you received your welcome back. If you don't save the pack within 24 hours contact power shop,Identified,so you have a 10 business day cooling off period during which you can cancel your son up or contacting fellowship Australia prior,Unidentified,,Identified,Can you confirm you have 18 authorized to enter into this agreement and the sentiments of the terms of the threat which it was unfair subset observe psychoanalytically is Kerry. Yes.,
POW.001.000022,Identified,Perisher make an extra credit check on you where a credit check first met perishable criteria which I make into this contract and I proceed with your connection applicable.,Identified,It starts the business say after you received your welcome back. If you don't save the pack within 24 hours contact power shop ,Identified, you have a 10 business day cooling off period during which you can cancel your son up or contacting fellowship Australia ,Identified,I'll let you know that this horse is getting recorded for quality and training purposes.,Unidentified,,
POW.001.000023,Identified, Perisher make an extra credit check on you where a credit check first met perishable criteria which I make into this contract and I proceed with your connection applicable. ,Identified, It starts the business say after you received your welcome back. If you don't save the pack within 24 hours contact power shop on ,Identified,paid a fee for this so you have a 10 business day cooling off period during which you can cancel your son up or contacting fellowship Australia,Identified, I'll let you know that this horse is getting recorded for quality and training purposes.,Unidentified,,
POW.001.000024,Identified,power shop comes to you how a shot my conduct a credit check on a credit check was to make sure criteria. ,Identified,It starts a business day after you receive your welcome pack and if you don't receive the post within 24 hours contact power shop,Identified,The marketing representative My We paid is a pity so you have a 10 business day cooling off period during which you can cancel your signing up by contacting tailor shop Australia,Identified,And again this call is being recorded for quality and coaching purposes.,Identified,How do you confirm you are over 18 authorized to enter into this agreement and understand and accept the terms you will just read which are also on pells Shop website. Yes perfect,
POW.001.000025,Identified,So how would you handle your personal information in accordance with a barbecue policy as our global power shop comes to you how a shot my conduct a credit check on a credit check was to make sure criteria,Identified,It starts a business day after you receive your welcome pack and if you don't receive the post within 24 hours contact power shop,Identified,marketing representative My We paid is a pity so you have a 10 business day cooling off period during which you can cancel your signing up by contacting tailor shop,Identified,And again this call is being recorded for quality and coaching purposes.,Identified, How do you confirm you are over 18 authorized to enter into this agreement and understand and accept the terms you will just read which are also on pells Shop website. Yes perfect.,
POW.001.000026,Unidentified,,Unidentified,,Unidentified,,Unidentified,,Unidentified,,
POW.001.000027,Unidentified,,Unidentified,,Unidentified,,Unidentified,,Unidentified,,
POW.001.000028,Identified,Available at power shop at a power shop may conduct a credit check on you. Where a credit is required to make peller shots criteria ,Identified,It starts the business day after you receive your welcome pack and if you don't receive the pack within 24 hours contact,Identified, Maybe we paid a fee for this sale and you have a 10 business day cooling off period during which you can cancel your fine up by contacting power shop ,Identified, No worries so well first and foremost his call will be recorded for quality and coaching purposes.,Identified,You may make dignam confirm you are over 18 authorized to enter into this agreement and understand the terms that you just read which are also one.tel Shops looks site. Yes.,
POW.001.000029,Identified,Available at power shop at a power shop may conduct a credit check on you. Where a credit is required to make ,Identified,It starts the business day after you receive your welcome pack and if you don't receive the pack within 24 hours contact power shop ,Identified,Maybe we paid a fee for this sale and you have a 10 business day cooling off period during which you can cancel your fine up by contacting power shop ,Identified, No worries so well first and foremost his call will be recorded for quality and coaching purposes.,Identified,You may make dignam confirm you are over 18 authorized to enter into this agreement and understand the terms that you just read which are also one.tel Shops looks site. Yes.,
POW.001.000030,Unidentified,,Unidentified,,Unidentified,,Unidentified,,Unidentified,,
POW.001.000031,Identified,You may conduct a credit check on you where a credit check fails to meet pal shop criteria a power shop cancel this agreement.,Identified,It starts the day after you receive your welcome pack and if you don't receive the package within 24 hours contact power shop ,Identified,The marketing workers may be paid a fee for the sale and you have a 10 business day cooling off period during which you can cancel your sign up for contacting power shop,Identified,So again this call is being recorded for quality and coaxing purposes. ,Identified,Then how do you confirm you are over 18 authorized to enter into this agreement and understand and accept the terms which you've just read which are also on power shop website. Yes ,
POW.001.000032,Unidentified,,Unidentified,,Unidentified,,Unidentified,,Unidentified,,
POW.001.000033,Identified, Power collector use and then tell your personal information accordance with its privacy policy available at Palace of the country Perisher may conduct a credit check on you were a critic first to make pallets of the criteria,Identified,starts the business day after you received your welcome back. If you don't receive the packet within 24 hours contact power shop ,Identified, You do get a 10 business day cooling off period with power shop,Identified,So before I I'll let you know that this court's getting recorded for quality and training purposes.,Unidentified,,
POW.001.000034,Unidentified,,Unidentified,,Unidentified,,Identified,So before I go I want to let you know that this cause getting recorded for quality and training purposes.,Unidentified,,
POW.001.000035,Identified, Penshoppe may conduct a credit check on you where a credit check fails to me pal shop's criteria penshoppe may cancel this contract and not proceed with your switch or connection,Identified,it starts the business day after you receive your welcome pack if you don't receive the pack within 24 hours. Contact our shop ,Identified,You have a 10 business day cooling off period during which you can cancel your phone up by contacting parish shop ,Identified,So just before we keep going or just let you know that this call is being recorded for training and casing purposes.,Identified,Now do you confirm you are over 18 authorized to enter this agreement and understand and accept the terms we've just read which are also in power shops. So please respond with yes or no. Yes,
POW.001.000036,Identified,contact a power shop may conduct a credit check on you where a credit check fails to make pal shops criteria power shop might cancel this agreement and not proceed with your switch or connection,Identified,it starts the business day after you receive your welcome pack and if you don't receive the pack within 24 hours contact power shop ,Identified,The marketing representative maybe paid a fee for this sale and you have a 10 business day cooling off period during which you can cancel it or sign up by contacting power shop Australia,Identified,So just confirming it is nine first and foremost his call will be recorded for quality and coaching purposes.,Identified, You may make deals and confirm you confirm you are over 18 authorized to enter into this agreement and understand and accept the terms which you just read which are also empowered on the website. Yes perfect,
POW.001.000037,Unidentified,,Unidentified,,Identified,erkowitz said it may be paid if it sounded to have attempted to stay cooling off period during which you could cancel your son up by contacting a power shop,Unidentified,,Unidentified,,
POW.001.000038,Unidentified,,Unidentified,,Unidentified,,Unidentified,,Unidentified,,Call doesn't eventuate to any sale
POW.001.000039,Identified,personal information in accordance with its privacy policy available at shoptalk a power shop may contact a credit check on you. Creditex tells me powershares criteria penshoppe may cancel this contract or not proceed with your switch or connection,Identified,After you receive your welcome back. So if you don't receive the pack within 24 hours contact shop,Identified,You have a 10 business day cooling off period during which you can cancel your sign up by contacting pawnshop Australia proprietary ,Identified,I'll just let you know this cause record of coaching training purposes.,Unidentified,,
POW.001.000040,Identified,personal information in accordance with its privacy policy available at powle shop compter a pill shop make contact a credit check on new credit check fails to meet pawnshops criteria penshoppe make sense for this contract,Identified,stream malbin now it starts the business day after you receive your welcome back. So if you don't receive the pack within 24 hours contact pownall,Identified, you have a timber's as a cooling off period during which you can cancel your side by contacting the power sho,Identified,Just that you know the scores record of coaching and training purposes as well. Sorry. ,Unidentified,,
POW.001.000041,Identified,Parasite may conduct a credit check on you where a critic fails to meet part of the criteria.,Identified,It starts the business day after you receive your welcome back. If you don't receive the pack within 24 hours contact power shop on ,Identified,You have 10 business day cooling off period during which you can cancel your son up a consequent from up Australia proprietory ,Identified, Perfect So before I go on Debbie I let you know that is calls getting recorded for quality and training purposes.,Unidentified,,
POW.001.000042,Identified,Polish up make contact a credit check on you. Where a credit check fails to meet the criteria palaszczuk my council this contract and I proceed with your connection you paying applicable fees,Identified,It starts a business day after you receive your welcome back. If you don't receive the packet within 24 hours contact power shop ,Identified,You have a 10 business day cooling off period during which you can cancel your son up or contacting powertrip Australia,Identified,So before I go one day I'll let you know that this cause getting recorded for quality and training purposes.,Unidentified,,
POW.001.000043,Identified,Polish up make contact a credit check on you. Where a credit check fails to meet the criteria palaszczuk my council this contract and I proceed with your connection you paying applicable fees,Identified,It starts a business day after you receive your welcome back. If you don't receive the packet within 24 hours contact power shop ,Identified,You have a 10 business day cooling off period during which you can cancel your son up or contacting powertrip Australia,Identified,So before I go one day I'll let you know that this cause getting recorded for quality and training purposes.,Unidentified,,
POW.001.000044,Identified, Us is my conduct a credit check on you were a credit check so my subsequent Teresa I my chance of this contract and I proceed with your virtual connection,Identified,It stops the business day after you received your welcome back. If you don't receive the packet within 24 hours contact the power shop ,Identified,The marketing representative may be paid a fee for this so you have a 10 business day cooling off period during which you can cancel your sign up or contacting powerstrip Australia ,Identified,So before I go on I'll let you know that this cause getting recorded for quality and training purposes.,Identified,"do you confirm you are over 18 authorized to enter into this agreement and understand and accept the terms of the thread which are awesome power subserves I can I get to hear from you Dylan.
Oh yeah OK.",
POW.001.000045,Unidentified,,Unidentified,,Unidentified,,Identified, I'll just say you know the school is recorded for coaching and training purposes. ,Unidentified,,
POW.001.000046,Unidentified,,Unidentified,,Unidentified,,Unidentified,,Unidentified,,
POW.001.000047,Identified, Sorry pal shop may also conduct a credit check on your credit check felt to be partial to. How should they cancel this contract. It seems a switch or collection you will pay an applicable seat for your collection. ,Identified,Now Melvin know it's that's the as they they to go. Welcome back. So if you don't receive the pack within 24 hours contact power shop ,Identified,You do have a temper to say cooling off period. Which you can your sign up by contacting power supply.,Identified,So tonight before we go ahead with anything I'll just let you know. This call will be recorded for coaching and training purposes.,Unidentified,,
POW.001.000048,Unidentified,,Unidentified,,Unidentified,,Unidentified,,Unidentified,,
POW.001.000049,Unidentified,,Unidentified,,Unidentified,,Unidentified,,Unidentified,,
POW.001.000050,Unidentified,,Unidentified,,Unidentified,,Identified,Well first and foremost his call will be recorded for quality and coaching purposes. Now with power shop they're,Unidentified,,
POW.001.000051,Unidentified,,Unidentified,,Unidentified,,Identified,Well first and foremost his call will be recorded for quality and coaching purposes.,Not yet reviewed,,
POW.001.000052,Unidentified,,Unidentified,,Unidentified,,Unidentified,,Unidentified,,
POW.001.000053,Not yet reviewed,,Not yet reviewed,,Not yet reviewed,,Not yet reviewed,,Not yet reviewed,,
POW.001.000054,Identified,My conduct a credit check on where a credit check was to meet it was quite curious how short my cancelled this agreement and not proceed with the connection.,Identified,It starts the business day after you receive your welcome pack.,Identified,The martling Representative may be paid a fee for the sale and you have a 10 business day cooling off period during which you can cancel your sign up by contacting power shop Australia for limited 357 Collins Street malbon.,Identified,this call will be recorded for quality coaching purposes.,Unidentified,,
POW.001.000055,Not yet reviewed,,Not yet reviewed,,Not yet reviewed,,Not yet reviewed,,Not yet reviewed,,
POW.001.000056,Unidentified,,Unidentified,,Unidentified,,Unidentified,,Unidentified,,
POW.001.000057,Unidentified,,Unidentified,,Unidentified,,Unidentified,,Unidentified,,
POW.001.000058,Unidentified,,Unidentified,,Unidentified,,Unidentified,,Unidentified,,
POW.001.000059,Unidentified,,Unidentified,,Unidentified,,Unidentified,,Unidentified,,
POW.001.000060,Unidentified,,Unidentified,,Unidentified,,Unidentified,,Unidentified,,
POW.001.000061,Unidentified,,Unidentified,,Unidentified,,Unidentified,,Unidentified,,
POW.001.000062,Identified,power shop might conduct a credit check on where a credit check estimate power shops criteria.,Identified,It starts the business day after you receive the welcome pack and if you don't receive the packet within 24 hours contact power shop,Identified,you have a 10 business day cooling off period during which you can cancel your sign up by contacting power,Identified,So this call will be recorded for quality and coaching purposes.,Identified,How do you confirm you are over 18 authorized to enter into this agreement and understand and accept that came to conditions of this offer. These are also on pet shops website. Yep.,
POW.001.000063,Identified,PASOK may conduct a credit check on your credit check fails me.,Identified,It starts the business day after you received your welcome.,Identified,You have a 10 business day cooling off period during which you can cancel your sign up by contacting power shop.,Identified,So before we keep going I just have to tell you this call is being recorded for training and coaching purposes.,Identified,Now you confirm you are over 18 authorized to enter into this agreement and understand and accept the terms. Just wait. Which are also on our shop website. Please respond with yes or no. Yes.,
POW.001.000064,Identified,They may conduct a credit check on your credit check to meet Palin's criteria,Identified,Now it starts the business day after you receive your welcome pack.,Identified, You have a 10 percent say cooling off period during which you can cancel your sign up by contacting pal shop Australia,Identified,I'm going to let you know cause record of coaching and training purposes.,Unidentified,,
POW.001.000065,Identified,Penshoppe may conduct a credit check on you for a credit check for me a partial criteria.,Identified,it starts a business day after you receive your welcome. So if you don't receive the packet within 24 hours contact pal shop,Not yet reviewed,,Identified,So if I haven't said it I'll just let you know we're getting this call is recorded for kothari and training purposes.,Identified,"ow do confirm you're over 18 or twice instance of disagreement understanding of the terms. We have just read which are also on our website.
Sure",
POW.001.000066,Unidentified,,Unidentified,,Identified,This is a cooling off period during which you can cancel your son by contacting power shop.,Identified,I'll just say you know the call may be recorded for quoting coaching purposes.,Identified,The age of 18 and authorize to agreement. Understand accept the terms or conditions which I've just read you know available on their website. Yes or no. OK. Yeah no worries.,
POW.001.000067,Not yet reviewed,,Not yet reviewed,,Not yet reviewed,,Not yet reviewed,,Not yet reviewed,,
POW.001.000068,Identified, I shall make conducts a credit check on you.,Identified,it starts the business day after you receive your Welcome back.,Identified,You have a 10 business day cooling off period during which you can cancel your son up or contacting parish up Australia.,Identified,I'll let you know that this is getting recorded for quality and training purposes.,Identified,do you confirm you are over 18 authorized to enter into this agreement and understand and accept the terms of threat which are also on our website. Can I just get to play you for me. Yes.,
POW.001.000069,Unidentified,,Identified,it stops the business day after you receive your welcome back.,Identified,You have a 10 business day cooling off period during which you can cancel your son up a contact from parish of Australia,Identified,you know the school is getting recorded for quality and training purposes.,Identified,you confirm you are 18 authorized to India into this agreement and understand and accept the thread which I was on. I to get a clue from you for. Yes,
POW.001.000070,Identified,They may conduct a credit check on you if it fails to meet their criteria.,Identified,That's the business hour to receive the package if you don't receive this within 24 hours.,Identified,And you do have to have this as a cooling off period during which you can cancel sign up,Identified,I let you know the call may be recorded for quoting coaching purposes.,Identified,To confirm that you are of the age of 18 authorized into the agreement understand accept the terms and conditions which I've just tune available on my website with a clear yes or no. Beautiful.,
POW.001.000071,Identified,They may conduct a credit check on you if it fails to meet their criteria. ,Unidentified,,Identified,And you do have to have this as a cooling off period during which you can cancel sign up by contacting parasol's israeli proprietor limited,Not yet reviewed,,Unidentified,,Rule 18 was present but there was not YES or NO by the Customer
POW.001.000072,Not yet reviewed,,Not yet reviewed,,Not yet reviewed,,Not yet reviewed,,Not yet reviewed,,
POW.001.000073,Identified,Parish conducts a credit check on you were a check for us to meet about criteria.,Identified,Melbourne started a business day after you receive your gold compact.,Identified,You have a 10 business day cooling off period during which you can cancel your sign up,Identified,I'll let you know that this is getting recorded for quality training purposes.,Identified,Do you confirm you are over 18 authorized to enter into this agreement and understand and accept the terms of the threat which are also unpalatable. So come and get a clue from me GRAHAM Yes,
POW.001.000074,Not yet reviewed,,Not yet reviewed,,Not yet reviewed,,Not yet reviewed,,Not yet reviewed,,
POW.001.000075,Not yet reviewed,,Not yet reviewed,,Not yet reviewed,,Not yet reviewed,,Not yet reviewed,,
POW.001.000076,Unidentified,,Unidentified,,Unidentified,,Identified,I want to let you know that this call is getting recorded for quality here and training purposes.,Unidentified,,
POW.001.000077,Not yet reviewed,,Not yet reviewed,,Not yet reviewed,,Not yet reviewed,,Not yet reviewed,,
POW.001.000078,Not yet reviewed,,Not yet reviewed,,Not yet reviewed,,Not yet reviewed,,Not yet reviewed,,
POW.001.000079,Unidentified,,Unidentified,,Unidentified,,Unidentified,,Unidentified,,
POW.001.000080,Not yet reviewed,,Not yet reviewed,,Not yet reviewed,,Not yet reviewed,,Not yet reviewed,,
POW.001.000081,Not yet reviewed,,Not yet reviewed,,Not yet reviewed,,Not yet reviewed,,Not yet reviewed,,
POW.001.000082,Unidentified,,Unidentified,,Unidentified,,Identified,Please note your call will be recorded for quality and training purposes.,Unidentified,,
POW.001.000083,Unidentified,,Unidentified,,Unidentified,,Identified,Please note your call will be recorded for quality and training purposes.,Unidentified,,
POW.001.000084,Not yet reviewed,,Not yet reviewed,,Not yet reviewed,,Not yet reviewed,,Not yet reviewed,,
POW.001.000085,Not yet reviewed,,Not yet reviewed,,Not yet reviewed,,Not yet reviewed,,Not yet reviewed,,
POW.001.000086,Identified,Our shop may conduct a credit check on you where credit check fails to meet pal shop's criteria.,Identified,it starts the business day after you receive your welcome pack.,Identified,You have a 10 business day cooling off period during which you can cancel your sign up by contacting pal shop Australia,Identified,Now before we keep going I just have to let you know this call is being recorded for training and coaching purposes,Identified,So you confirm you're over 18 authorized to enter into this agreement and understand and accept the terms you've just read which are also on pal shops website. Please respond with yes or no. Yes.,
POW.001.000087,Not yet reviewed,,Not yet reviewed,,Not yet reviewed,,Not yet reviewed,,Not yet reviewed,,
POW.001.000088,Unidentified,,Unidentified,,Unidentified,,Unidentified,,Unidentified,,
POW.001.000089,Unidentified,,Unidentified,,Unidentified,,Unidentified,,Unidentified,,
POW.001.000090,Identified,Palaszczuk may conduct a credit check on you where credit check fails to meet pal shop's criteria pet shop may cancel this contract,Identified,It starts the business day after you receive your welcome pack.,Identified,You have a 10 business day cooling off period during which you can cancel your sign up by contacting power shop Australia proprietary limited,Identified,I'm just letting you know this call is being recorded for training and coaching services.,Unidentified,,
POW.001.000091,Unidentified,,Unidentified,,Unidentified,,Unidentified,,Unidentified,,
POW.001.000092,Identified,pal shop may conduct a credit check on your credit check fails to meet pawnshops criteria.,Identified,Once we do the sign of you also receive the welcome back.,Identified,you have a 10 day cooling off period during which you can cancel your sign by contacting power shop Australia proprietory,Identified,I'll just let you know this call is recorded for coaching and training purposes,Identified,you confirm you're over 18 are authorized to enter into this agreement. Understand and accept the terms that we've just read which are also in shops. Yes.,
POW.001.000093,Unidentified,,Unidentified,,Unidentified,,Identified,So before I go on I'll let you know that this cause getting recorded for quality and training purposes.,Unidentified,,
POW.001.000094,Unidentified,,Unidentified,,Unidentified,,Unidentified,,Unidentified,,
POW.001.000095,Identified,tell shop making a credit check on you were a credit check first to meet ups criteria.,Identified,it starts the business day after you received your welcome back.,Identified,you have a 10 business day cooling off period during which you can cancel your signed up a contract comp. Australia proprietor,Identified,before I go on I'll let you know that this cause getting recorded for quality and training purposes.,Unidentified,,
POW.001.000096,Unidentified,,Unidentified,,Unidentified,,Identified, you know this is cause getting recorded for quality and training purposes,Unidentified,,
POW.001.000097,Identified,how to may conduct a credit check you. If you first meet their criteria.,Identified,It does start the business day after you receive your part.,Identified,you do have a 10 day cooling off period during which you can cancel sun son by contacting power shop. The proprietor,Identified,just you know they've come a record for quoting cogic purposes.,Identified,Are you over the age of 18. Are you authorized Instagram and understand accept the terms of conditions which I've just read to end available on power shop's website with a clear winner. Okay.,
POW.001.000098,Identified,pal shop may conduct a credit check on you credit check fails to meet our shop's criteria.,Identified,it starts the business day after you receive your compare.,Identified,You have a 10 business day cooling off period during which you can cancel your sign up by contacting pal shop Australia property,Identified,Now before we keep going I'm supposed to tell you this call is being recorded for training and coaching purposes.,Identified,Now do you confirm you are over 18 authorized to enter into this agreement and understand and accept the terms we've just read which are also on our shop website. Please respond with yes or no. Awesome.,
POW.001.000099,Not yet reviewed,,Not yet reviewed,,Not yet reviewed,,Not yet reviewed,,Not yet reviewed,,
POW.001.000100,Unidentified,,Unidentified,,Unidentified,,Unidentified,,Unidentified,,
POW.001.000101,Unidentified,,Unidentified,,Unidentified,,Unidentified,,Unidentified,,"Call not identified as a sale call, but is an inquiry"
POW.001.000102,Unidentified,,Unidentified,,Unidentified,,Unidentified,,Unidentified,,Does not evaluate to a sale call
POW.001.000103,Unidentified,,Unidentified,,Unidentified,,Unidentified,,Unidentified,,Not a sale call
POW.001.000104,Unidentified,,Unidentified,,Unidentified,,Unidentified,,Unidentified,,Evaluates as an inquiry
POW.001.000105,Identified,Polish up make a credit check on you. A credit check first to parish of criteria. ,Identified,It starts the business day after you've received your welcome back. If you don't receive the pack within 24 hours contact power shop on 1 to 100 146 to double 680 pallets up or handle your personal information in accordance with its privacy policy available at power shop look on you and may share it with us.,Identified,The marketing representative may be paid a fee for the sale of a 10 business day cooling off period during which you can cancel your son up or contacting from up Australia prior to propriety limited 357 in St. Melbourne.,Identified,So before I go on I'll let you know that I'm cause getting recorded for quality and training purposes,Unidentified,,Unable to identify a 'Yes' from customer in response to T&C. All other rules except 18 are satisfied.
POW.001.000106,Identified,They can take the credit check on you where a credit check fails to make Palin shop's criteria. I shopped my cancer this agreement and not proceed with the switch or connection,Identified,it starts the business day after you receive your welcome pack and if you don't receive the pack within 24 hours contact power shop on 1 800 4 6 2 6 light power sure it will handle your personal information in accordance with its privacy policy. Available at power shop can you power shop,Identified,The marketing representative may be paid a fee for this sale and you have a 10 business day cooling off period during which you can cancel your sign up by contacting power shop Australia proprietor Ltd 357 constraint malbin it starts the business day after you receive your welcome pack,Identified,So this call will be recorded for quality and parching curtsies,Identified,"Do you confirm you are over 18 authorized to enter into this agreement and understand and accept the terms. Just read which are also on peller shop's Web site.
Yes I do. ",
POW.001.000107,Identified,Available at power shop or compter a shop may also conduct a credit check on you. Check fell from power shocks criteria. Shop may cancel this contract and not proceed with such a connection. You will pay any applicable fees for your collection,Identified,Now it starts the business day after you receive your compact. So if you don't receive the pack within 24 hours contact power palaszczuk on 100 462 double.,Identified,The marketing representative may be paid a fee for the help you have a 10 say cooling off period during which you can cancel your signed up by contacting palencia a proprietary Limited's free five.,Identified,Well I just you know this calls recorded for Katrina relief purposes.,Unidentified,,All rules satisfied except 18. No clear 'Yes' from customer in response to T&C.
POW.001.000108,Identified,So yes kind of like a credit check like just to make sure that this account is a valid account for them.,Identified,Everything I read out to you you will also receive via e-mail. OK. Through the welcome pack that we send you. ,Unidentified,,Unidentified,,Unidentified,,Only two rules are met. Evaluates more to an inquiry than sales.
POW.001.000109,Identified,Power shop may contact a credit check on you were a credit check felt to meet shoppes criteria. Shop may cancel this contract and not proceed with your switch or connection.,Identified,Now it starts the business day after you receive your welcome pack. So if you don't receive the pack within 24 hours contact power shop on one hundred 4 6 2 6 8 power shop will handle your personal information in the corden's with its privacy policy available at how shoptalk come to you and may share it with us,Identified,You do have a 10 percent stay cooling off period during which you can cancel your sign up by contacting power shop Australia proprietary limited 357 Collins Street malbin. Now it starts the business day after you receive your welcome pack.,Unidentified,,Identified,Now do you confirm your over 18 also to enter into this agreement. Understand and accept the terms we have just read to you which are also on pawnshops website as I am doing yes absolutely fantastic.,All rules met except 15(call recording).
POW.001.000110,Identified,If a credit check fail sorry pop shop dot com today you may share it with us.,Identified,Propriety limited 357 contract when it starts with PCs Darfur receives a pack. If you do not receive this within 24 hours please contact shop directly on one hundred forty six to double six eight. If you don't receive your welcome pack within 24 hours contact power shop on one hundred four six to double six. How shop will handle your personal information in accordance to the privacy policy available power shops website,Identified,You understood and consented to this contract an estimated bill will be provided facture made unavailable the microbes that he maybe paid a fee for sale and you do have a timber's estate cooling off period during which you can cancel sign up by contact to shop in Australia,Unidentified,,Unidentified,,All rules except 15 and 18 are met.
POW.001.000111,Unidentified,,Unidentified,,Unidentified,,Unidentified,,Unidentified,,Not a sale
POW.001.000112,Unidentified,,Unidentified,,Unidentified,,Unidentified,,Unidentified,,Not a sale call
POW.001.000113,Identified,power shop my conduct a credit check on you were a credit check felt to me paragraph's criteria palaszczuk my card for this contract and I proceed with your spiritual connection you find applicable fees for your connection,Identified,after you receive your Welcome back. If you don't have the pack within 24 hours contact power shop on 1 100 4 6 2 6 8.,Identified,You have a 10 business day cooling off period during which you can cancel. You sign up a contact and parish up Australia proprietor limited 357 Collins Street Melbourne it starts the business day after you receive your Welcome back,Unidentified,,Unidentified,,Rule 15 not met. No yes or no confirmation in response to T & C
POW.001.000114,Unidentified,,Unidentified,,Unidentified,,Identified,Before I go on duty I'll let you know that this call is getting recorded for quality and training purposes.,Unidentified,,Does not evaluate to a sale call. 
POW.001.000115,Identified,power shop may conduct a credit check on you were a critic for 20 pages of criteria perish,Identified, If you don't want the pack within 24 hours contact power shop on one hundred 100 462 dollars,Identified,You have a 10 business day cooling off period during which you can cancel your signed up or contact some power to Australia propriety limited 357 con street Melbourne it starts the business day after you received your welcome back,Unidentified,,Identified,Did you confirm you were over 18 authorized to enter into this agreement and understand and accept the terms of a threat. Yes.,All rules except 15 are met.
POW.001.000116,Identified,Available at power shop dot com you may conduct a credit check on you or a credit check. Also we publish criteria parish I may cancel this contract and proceed with your spiritual connection.,Identified,It starts the business day after you receive your welcome back. If you don't receive the pack within 24 hours contact a power shop on one eye 100 for six to double 680 power supply collector use and handle your personal information in accordance with its privacy policy,Identified,he representative may be paid a fee for this so you have a 10 business day cooling off period during which you can cancel your sign up by contacting up Australia proprietor limited 357 concentrate Melbourne. It starts the business day after you receive your welcome back.,Identified,before I go on June I'll let you know that this call is getting recorded for quality and training purposes,Identified,June do you confirm you are over 18 authorized to enter into this agreement and understand and accept the terms and conditions of this offer that are also available on the Web site and get a clue from you. June Yes.,All rules are met
POW.001.000117,Unidentified,,Not yet reviewed,,Unidentified,,Unidentified,,Unidentified,,Does not evaluate as a sale call
POW.001.000118,Unidentified,,Unidentified,,Unidentified,,Unidentified,,Unidentified,,Does not evaluate as a sale call.
POW.001.000119,Identified,pal shop may conduct a credit check on your credit check fails me pal shops criteria penshoppe make sense of this contract and not proceed with your switchel connection.,Identified,it starts the business day after you receive your welcome back if you don't receive the pack within 24 hours. Contact palace shop on 1 800 4 6 2 6 6 8,Identified,You have a 10 business day cooling off period during which you can cancel your sign up by contacting power shop Australia proprietary Ltd 3 5 7 college free malbin it starts the business day after you receive your welcome back,Identified,Oh before we keep going I have to tell you this call is being recorded for training and coaching purposes,Identified,So now do you confirm you are over 18 authorized to enter into this agreement and understand and accept the terms we've just read which are also on power shops Web site. Please respond with yes or no. Yes.,All rules met
POW.001.000120,Identified,o shop may call that credit check on a credit check fails to meet powle shop's criteria. Well shop may cancel this contract are not perceived as such a connection you will pay the applicable fees for your collection.,Identified,Now it starts the business day after you receive your welcome back. So if you don't receive the Within 24 hours contact contacting pal shop on one hundred forty two double six.,Identified,You have a 10 day cooling off period during which you can cancel your father by contacting pal shop Australia proprietary limited 3 5 3 5 7 Coventry Melbourne.,Identified,So before we go ahead with anything I just you know this call is record of the in training purposes.,Identified,Now you confirm you're over 18 authorized to enter into this agreement understand the terms we've just read which are also on pawnshops Web site. Yes,All rules met
POW.001.000121,Identified,So shop may call that credit check on a credit check fails to meet powle shop's criteria. Well shop may cancel this contract are not perceived as such a connection you will pay the applicable fees for your collection.,Identified,business day after you receive your welcome back. So if you don't receive the Within 24 hours contact contacting pal shop on one hundred forty two double six.,Identified,You have a 10 day cooling off period during which you can cancel your father by contacting pal shop Australia proprietary limited 3 5 3 5 7 Coventry Melbourne. Now it starts the business day after you receive your welcome back.,Identified,So before we go ahead with anything I just you know this call is record of the in training purposes,Identified,Now you confirm you're over 18 authorized to enter into this agreement understand the terms we've just read which are also on pawnshops Web site. Yes,All rules met
POW.001.000122,Identified,So shop may call that credit check on a credit check fails to meet powle shop's criteria. Well shop may cancel this contract are not perceived as such a connection you will pay the applicable fees for your collection.,Identified,it starts the business day after you receive your welcome back. So if you don't receive the Within 24 hours contact contacting pal shop on one hundred forty two double six.,Identified,You have a 10 day cooling off period during which you can cancel your father by contacting pal shop Australia proprietary limited 3 5 3 5 7 Coventry Melbourne. Now it starts the business day after you receive your welcome back,Identified,So before we go ahead with anything I just you know this call is record of the in training purposes.,Identified, Now you confirm you're over 18 authorized to enter into this agreement understand the terms we've just read which are also on pawnshops Web site. Yes,All rules met
POW.001.000123,Unidentified,,Unidentified,,Unidentified,,Unidentified,,Unidentified,,"Does not evaluate to a sales call
"
POW.001.000124,Unidentified,,Unidentified,,Unidentified,,Unidentified,,Unidentified,,Does not evaluate to a sale call
POW.001.000125,Unidentified,,Unidentified,,Unidentified,,Unidentified,,Unidentified,,Doesn't not evaluate to a sales call
POW.001.000126,Identified,Power shop might conduct a credit check on you where a credit check fails to make palafox criteria how a shop may cancel this agreement or not proceed with or connection. You will pay any applicable fees for your connection.,Identified,It stops the business day after you receive your contract and if you don't receive that test within 24 hours contact the power shop on 1 800 4 6 2.,Identified,you have a 10 business day cooling off period during which you can cancel your sign up by contacting palafox Australia for a limited 357 Colin Strait Melbourne,Identified,this call will be recorded for quality and coaching purposes,Identified,How do you confirm you are over a pain authorized to enter into this agreement and understand and accept the terms. Just read which are also on power shop Web site.Yes,All rules met.
POW.001.000127,Unidentified,,Unidentified,,Unidentified,,Identified,So you're close recorded for quality coaching services,Unidentified,,Only rule 15 is met. Does not evaluate to a sale call.
POW.001.000128,Identified,o make it a credit check on you it fails to meet their criteria. Then make a contract I may not see the switchel connection and you pay,Identified,It's a business to have to receive the pack if you do not receive this within 24 hours. Contact power. 1 800 4 6 2 6 8 ,Identified,he may pay to her only to have a 10 percent say cooling off period during which you can cancel your summer by contacting parish up to show limited 357 contract malberg,Identified,I just think you know Kelly the call may be recorded for calling kothari crevasses,Unidentified,,Rule 18 not met. No clear 'yes' or 'no'
POW.001.000129,Identified,The shop may conduct a credit check on credit check sales for me parshall's criteria. Shop may cancel the contract or not proceed with a search of collection,Identified,Now it starts the business day after you see your compact. So if you don't receive the packages in 24 hours contact pound shop on one hundred six chewed up or six,Identified,ou have a 10 hours of cooling off period during which you can cancel your sign up by contacting shop Australia proprietary Ltd 3 5 7 call sheet mountain. Now it starts the business day after you see your compact.,Identified,just that you know the calls recorded for coaching and training purposes,Identified,Now do you confirm you're over 18. Authorized the instance of a scream and understand in simple terms you've just read which are some pawnshops website. Yes,All rules met
POW.001.000130,Identified,Power shop may conduct the credit check on you were a credit check fails to meet those criteria published my cancel this contract and proceed with your switch conviction.,Unidentified,,Identified,You have a 10 business day cooling off period. You can cancel your son up a complex and powertrip up Australia propriety limited 357 Collen street Melbourne,Identified,I'll let you know that this call is cool is getting recorded for quality and training purposes,Identified,Power shop may conduct the credit check on you were a credit check fails to meet those criteria published my cancel this contract and proceed with your switch conviction.,Welcome pack not mentioned. All other rules are met.
POW.001.000131,Not yet reviewed,,Not yet reviewed,,Not yet reviewed,,Not yet reviewed,,Not yet reviewed,,
POW.001.000132,Identified,Post up my conduct check on you were a credit check for the purpose of criteria. On my cancel this contract and proceed with your spiritual connection.,Identified,It starts the business day after you receive your welcome back. If you don't receive the packet within 24 hours contact power shop on one at 100 for six to double 680,Identified,you have a 10 business day cooling off period during which you can cancel your sign up or contact from power shop Australia proprietor limited. 357 street Melbourne. It starts the business day after you receive your welcome back,Identified,I'll let you know that this call is being recorded for quality and training purposes.,Identified,Current you confirm you are over 18 authorized to enter into this agreement and understand and accept the terms of which some vows of service I can give you. Yep.,All rules met
POW.001.000133,Not yet reviewed,,Not yet reviewed,,Not yet reviewed,,Not yet reviewed,,Not yet reviewed,,
POW.001.000134,Unidentified,,Unidentified,,Unidentified,,Unidentified,,Unidentified,,Does not evaluate to a sale call
POW.001.000135,Unidentified,,Unidentified,,Unidentified,,Unidentified,,Unidentified,,Does not evaluate to a sale call
POW.001.000136,Unidentified,,Unidentified,,Unidentified,,Unidentified,,Unidentified,,Not a sale call
POW.001.000137,Not yet reviewed,,Not yet reviewed,,Not yet reviewed,,Not yet reviewed,,Not yet reviewed,,
POW.001.000138,Not yet reviewed,,Not yet reviewed,,Not yet reviewed,,Not yet reviewed,,Not yet reviewed,,
POW.001.000139,Not yet reviewed,,Not yet reviewed,,Not yet reviewed,,Not yet reviewed,,Not yet reviewed,,
POW.001.000140,Identified,power shop may contact a credit check on you for a credit check fails to meet parshall's criteria. Talk shop may cancel this contract or not proceed with a switch or connection,Identified,Now what does the business say after you receive your welcome back. So if you don't receive the package within 24 hours contact pound shop on a 100 for six to eight,Identified,You have ten business day cooling off period during which you can cancel your sign up by contacting power shop Australia proprietary limited three fourths of income stream malbon,Identified,I'll just let you know it's cause record for teaching and training purposes.,Identified,Now can you confirm you're over 18 authorized to enter into this agreement. Understand and not just foodless how shall we say. Yes.,All rules met.
POW.001.000141,Unidentified,,Unidentified,,Unidentified,,Unidentified,,Unidentified,,Not a sale call
POW.001.000142,Unidentified,,Unidentified,,Unidentified,,Unidentified,,Unidentified,,Does not evauate as a sale call
POW.001.000143,Unidentified,,Unidentified,,Unidentified,,Not yet reviewed,,Unidentified,,Not a sale call
POW.001.000144,Identified,I shall make conduct a credit check on you where a critic fails to meet the criteria. Set my cancel this contract and proceed with yours which you can explain when applicable fees,Identified,It starts the business day after you receive your welcome back. If you don't reserve the pack within 24 hours contact a shop on one hundred forty six t,Identified,Yeah but 10 business day cooling off period during which you can cancel your son up a conflicting package of Australia prior to a limited 357 called in Melbourne. It starts the business day after you receive your welcome back,Identified,I'll let you know that this call is getting recorded for quality and training purposes,Identified,Similarly you will receive an email from power shop confirming your concession eligibility claim or do you confirm you were over 18 authorized to enter into this agreement and understand and accept the terms of the third which are also felt on his website. Can I get a quick yes from me. Yes,All rules met.
POW.001.000145,Unidentified,,Unidentified,,Unidentified,,Unidentified,,Unidentified,,Does not evaluate to a sale call
POW.001.000146,Not yet reviewed,,Not yet reviewed,,Not yet reviewed,,Not yet reviewed,,Not yet reviewed,,
POW.001.000147,Unidentified,,Unidentified,,Unidentified,,Unidentified,,Unidentified,,Does not evaluate to a sale call
POW.001.000148,Not yet reviewed,,Not yet reviewed,,Not yet reviewed,,Not yet reviewed,,Not yet reviewed,,
POW.001.000149,Identified,Shop may conduct a credit check on you where credit check fails to meet power shop's criteria penshoppe may cancel this contract and not proceed with your switch or connection,Identified,It starts the business day after you receive your welcome back. If you don't receive the pack within 24 hours contact power shop on 1 800 4 6 2 6 6 8,Identified,You have a 10 business day cooling off period during which you can cancel your sign up by contacting Pela shop Australia he limited 3 5 7 Collins Street malbin. It starts the business day after you receive your welcome back,Identified,This call is being recorded for training and coaching purposes,Identified,Do you confirm you are over 18 authorized to enter into this agreement and understand and accept the terms we've just read which are also on pal shops website. Please respond with yes or no. Yes,All rules met
POW.001.000150,Not yet reviewed,,Not yet reviewed,,Not yet reviewed,,Not yet reviewed,,Not yet reviewed,,
POW.001.000151,Identified,You may also conduct a credit check on you for a credit check fails to meet pawnshops criteria,Identified,And the welcome pack will also be emailed through to you as well,Identified,Obviously you have a 10 day cooling off period.,Identified,Look I was just quickly in a court recorded for coaching and training purposes,Unidentified,,
POW.001.000152,Not yet reviewed,,Not yet reviewed,,Not yet reviewed,,Not yet reviewed,,Not yet reviewed,,
POW.001.000153,Identified,you pass up make may conduct a credit check on you where a credit check fails me meet pal shops criteria power shop may cancel this contract,Identified,after you receive your welcome back if you don't receive the pack within 24 hours,Identified,You have a 10 day cooling off period during which you can cancel your sign up by contacting power shop ,Identified,This call is being recorded for training and coaching purposes ,Unidentified,,
POW.001.000154,Not yet reviewed,,Not yet reviewed,,Not yet reviewed,,Not yet reviewed,,Not yet reviewed,,
POW.001.000155,Not yet reviewed,,Not yet reviewed,,Not yet reviewed,,Not yet reviewed,,Not yet reviewed,,
POW.001.000156,Identified,Power shop may conduct a credit check on you where a credit check fails to meet power shop's criteria penshoppe may cancel this contract and not proceed with your search or connection.,Identified,it starts the business day after you receive your welcome pack.,Identified,Now you have a 10 day cooling off period during which you can cancel your sign up by contacting tower shop Australia ,Unidentified,,Identified,Now do you confirm you are over 18 authorized to enter into this agreement and understand and accept the terms. I've just read which are also on pal shops website. Please respond with yes or no. Yes,
POW.001.000157,Unidentified,,Unidentified,,Unidentified,,Unidentified,,Unidentified,,No sale
POW.001.000158,Unidentified,,Unidentified,,Unidentified,,Unidentified,,Unidentified,,No sale
POW.001.000159,Identified,They may conduct a credit check on you for failing to meet their criteria.,Identified,It starts the day after receives a package you don't receive within 24 hours.,Identified,you do have a 10 business day cooling off period during which you can cancel your sun up by contacting power shop.,Identified,I just you know the call may be recorded for quoted coaching purposes.,Identified,So there you are over the edge of 18 authorized agreement understanding that the terms editions which I've just read you in available parachute's website. Yes.,
POW.001.000160,Unidentified,,Unidentified,,Identified,You do get a 10 business day cooling off period with palaszczuk.,Identified,I'll let you know that just cause getting recorded for quality and training purposes only.,Not yet reviewed,,
POW.001.000161,Identified,my conduct for credit check on you ,Identified,It starts the business day after you receive your welcome back and if you don't receive the pack within 24 hours contact power shop,Identified,You do get a 10 business day cooling off period with palaszczuk ,Identified, I'll let you know that this cause getting recorded for quality and training purposes.,Identified,Do you confirm you were over 18 authorized to enter into this agreement and understand and accept the terms of the threat which also show up so I can get a clear from you lawyer. Yeah. ,
POW.001.000162,Unidentified,,Unidentified,,Unidentified,,Unidentified,,Unidentified,,
POW.001.000163,Identified,You may conduct a credit to connew or a credit check failed to meet paraiso of criteria.,Identified,It starts the business day after you receive your welcome back.,Identified,You have a 10 business day cooling off period during which you can cancel your sign up or contacting Palus up Australia proprietor limited 357 Collins Street Melbourne.,Identified,I'll let you know that this is getting recorded for quality and training purposes.,Identified,you confirm you have 18 authorized to enter into this agreement and understand and accept the terms and conditions of this offer that are also on our website and get a clear. Really. Yes.,
POW.001.000164,Identified,They may conduct a check on you if you fail to meet their criteria. ,Identified,It does start the business after save the park if you do not receive this within 24 hours.,Identified,you do have a temporary stay cooling off period during which you can get yourself up by contact shop Shirley preparatory Ltd 357 college through Melbourne.,Unidentified,,Identified,I just confirmed that you are of the age of 88 authorizer degree. I understand that the technical issues which I've just read to also available their website with a clear. Yes,
POW.001.000165,Identified,They may conduct a check on you if you fail to meet their criteria.,Identified,It does start the business after save the park if you do not receive this within 24 hours.,Identified,you do have a temporary stay cooling off period ,Unidentified,,Identified,So I just confirmed that you are of the age of 88 authorizer degree. I understand that the technical issues which I've just read to also available their website with a clear. Yes great.,
POW.001.000166,Identified,may conduct a credit check on you where a credit check fails to meet our shop's criteria.,Identified,it starts the business day after you receive your welcome back.,Identified,You have a 10 business day cooling off period during which you can cancel your sign up by contacting power shop Australia proprietory limited,Identified,Just need to let you know this call is being recorded for training and coaching purposes.,Identified,Now do you confirm you're over 18 authorized to enter into this agreement and understand and accept the terms of just read which are also in PAL shops website. Please respond with yes or no. Yes,
POW.001.000167,Identified,pal shop may conduct a credit check on you where a credit check fails to meet our shop's criteria.,Identified,it starts the business day after you receive your welcome back.,Identified,You have a 10 business day cooling off period during which you can cancel your sign up,Identified,Just need to let you know this call is being recorded for training and coaching purposes. ,Identified,Please respond with yes or no. Yes,
POW.001.000168,Identified,Shop may conduct a credit check on new credit check ,Identified,Now it starts the business day after you receive a welcome back. ,Identified,You have a 10 business day cooling off period during which you can cancel,Identified,Obviously you know this cause recorded for coaching and training purposes ,Not yet reviewed,Now you confirm your over 18 lines to enter into this agreement. Understand and accept the terms we've just read which are also in PAL shops website. Yes. Fantastic.,
POW.001.000169,Unidentified,,Unidentified,,Unidentified,,Unidentified,,Unidentified,,Not a sale
POW.001.000170,Identified,They may conduct a credit check and you first meet their criteria.,Identified,It starts with this itself. You save your pack if you don't receive within 24 hours.,Identified,you do have a 10 day cooling off period during which you can cancel your contact ,Identified,You know cause records quality coaching purposes. You know cause records quality coaching purposes. ,Identified,accept the terms or conditions which I've just read. Also available parishad subside with a clear so no. Yes. Fantastic.,
POW.001.000171,Not yet reviewed,,Not yet reviewed,,Not yet reviewed,,Not yet reviewed,,Not yet reviewed,,
POW.001.000172,Identified,I wish my conduct a credit check on you were a credit check for me criteria.,Not yet reviewed, It starts the business day after you receive your welcome back.,Identified,you have a 10 business day cooling off period during which you can cancel,Identified,I'll let you know that this call is getting recorded for quality and training purposes.,Identified,accept the terms of the thread which I also observe. So can I get a clue. Yes really. Yes. ,
POW.001.000173,Unidentified,,Identified,So this is after you park we don't receive within 24 hours contact,Identified,you do have a 10 day cooling off period during which you can catch the sun ,Identified,just you know the call may be recorded for quality coaching purposes.,Unidentified,,
POW.001.000174,Not yet reviewed,,Not yet reviewed,,Not yet reviewed,,Not yet reviewed,,Not yet reviewed,,
POW.001.000175,Identified,power shop may conduct a credit check on you where credit check fails to meet power shop's criteria power shop may cancel this contract,Identified,it starts the business day after you receive your welcome pack.,Identified,You have a 10 business day cooling off period during which you can cancel your sign up,Identified,The scores being recorded for training and coaching purposes. ,Identified,Now did you understand these terms. And can you give a clear. Yes. OK. ,
POW.001.000176,Identified,Perisher my conducts a credit check on you where a credit check felt to me a part of the criteria. So my cancel this contract,Identified,it starts the business day after you received your welcome back.,Identified,you have a 10 business day cooling off period during which you can cancel your sign up,Identified,I'll let you know that this cause getting recorded for quality and training purposes.,Identified,accept the terms of the thread. Which also post office website. Can I get copy from you because. Yes.,
POW.001.000177,Identified,conduct a credit check on you where a credit check fails to meet or shop criteria,Identified,the business day after you receive your welcome pack and if you don't receive the package within 24 hours contact the power shop,Identified,you have a 10 business day cooling off period during which you can cancel or sign up ,Unidentified,,Identified,accept the terms and conditions of this offer which are also on power shops website. Yes. Perfect.,
POW.001.000178,Not yet reviewed,,Not yet reviewed,,Not yet reviewed,,Not yet reviewed,,Not yet reviewed,,
POW.001.000179,Unidentified,,Unidentified,,Unidentified,,Identified,I'll just say you know this calls recorded for training purposes.,Unidentified,,
POW.001.000180,Not yet reviewed,,Not yet reviewed,,Not yet reviewed,,Not yet reviewed,,Not yet reviewed,,
POW.001.000181,Unidentified,,Unidentified,,Unidentified,,Unidentified,,Unidentified,,
POW.001.000182,Identified,Shop make a credit check on you.,Identified,It starts off as as they actually receive a welcome back.,Identified,You have a timber's a cooling off period ,Identified,Or does that you know class record for coaching and training purposes.,Unidentified,,
POW.001.000183,Identified,my conducts a credit check on you were a credit check,Identified,it starts the business day after you receive your compact. If you don't receive the packet within 24 hours contact the power shop,Identified,Yeah a 10 business day cooling off period during which you can cancel your son up,Identified,I'll let you know that this cause getting recorded for quality and training purposes.,Identified,accept the terms of the threat which are unpalatable suppose I can get a clue from you mother. Yes.,
POW.001.000184,Unidentified,,Unidentified,,Unidentified,,Unidentified,,Unidentified,,
POW.001.000185,Unidentified,,Unidentified,,Unidentified,,Identified,Please note your call will be recorded for quality and training purposes.,Unidentified,,
POW.001.000186,Unidentified,,Unidentified,,Unidentified,,Unidentified,,Unidentified,,
POW.001.000187,Not yet reviewed,,Not yet reviewed,,Not yet reviewed,,Not yet reviewed,,Not yet reviewed,,
POW.001.000188,Identified,Shop my conduct a credit check on you where a credit check fails to meet how shops criteria,Identified,it starts the business day after you receive your welcome pack and if you don't receive the package within 24 hours contact power shop,Identified,you have a 10 business day cooling off period during which you can cancel your sign up,Unidentified,,Not yet reviewed,you are over 18 authorized to enter into this agreement and understand and accept the terms which you just read which are also on power website. Yes perfect.,
POW.001.000189,Not yet reviewed,,Not yet reviewed,,Not yet reviewed,,Not yet reviewed,,Not yet reviewed,,
POW.001.000190,Unidentified,,Unidentified,,Unidentified,,Identified,So just before we keep going this call is being recorded for training and coaching purposes.,Unidentified,,
POW.001.000191,Unidentified,,Unidentified,,Unidentified,,Unidentified,,Unidentified,,
POW.001.000192,Not yet reviewed,,Not yet reviewed,,Not yet reviewed,,Not yet reviewed,,Not yet reviewed,,
POW.001.000193,Identified,Penshoppe may conduct a credit check on you where credit check fails to meet power shop's criteria palace shop may cancel this contract ,Identified,it starts the business day after you receive your compact. If you don't receive the package within 24 hours contact power shop,Identified,You have a 10 business day cooling off period during which you can cancel your flight,Identified,This call is being recorded for training and coaching purposes.,Identified,accept the terms we've just read which are also uncowed shots. So please respond with yes or no. Yes.,
POW.001.000194,Not yet reviewed,,Not yet reviewed,,Not yet reviewed,,Not yet reviewed,,Not yet reviewed,,
POW.001.000195,Identified,They may conduct a credit check on you if you fail to meet their criteria. They may cancel the contract,Identified,It starts a business after save the park. If you don't receive this within 24 hours contact,Identified,Don't you ever tempted this day cooling off period during which you can cancel the sign up,Identified,If you don't mind I just you know the call may be called for coaching purposes. ,Identified,accept the terms of conditions which I've just written. Also available in power shops website with a clear sonora. Yep no worries ,
POW.001.000196,Identified,Parasite may conduct a credit check on you where a critic fails to meet part of the criteria. Pass on my cancel this contract,Identified,It starts the business day after you receive your welcome back.,Identified,You have 10 business day cooling off period during which you can cancel your son up,Identified,I let you know that is calls getting recorded for quality and training purposes.,Identified,understand and accept the terms of the threat which are also part of service. Can I get a clue from you. Yes.,
POW.001.000197,Not yet reviewed,,Not yet reviewed,,Not yet reviewed,,Not yet reviewed,,Not yet reviewed,,
POW.001.000198,Identified,Penshoppe may conduct a credit check on you where credit check fails to meet pal shop's criteria. Power shop may cancel this contract,Identified,it starts the business day after you receive your compact. If you don't receive the pack within 24 hours contact colour shop,Identified,You have a 10 business day cooling off period during which you can cancel your sign up,Unidentified,,Unidentified,,
POW.001.000199,Not yet reviewed,,Not yet reviewed,,Not yet reviewed,,Not yet reviewed,,Not yet reviewed,,
POW.001.000200,Identified,Parish conducts a credit check on you. We're a credit check fails to meet paratroops criteria,Identified,it starts the business day after you received your welcome back. If you don't receive the packet within 24 hours contact a shop,Identified,You have a 10 business day cooling off period during which you can cancel your son up a contract,Identified,I'll let you know that this call is getting recorded for quality and training purposes.,Unidentified,,
